{
  "runtimes\\alpine-x64\\native\\libe_sqlite3.so": "39C244FEDBCD3DFC37041D4FCE1AE21D",
  "runtimes\\linux-arm\\native\\libe_sqlite3.so": "96CF54BC0EFB83D6E3F5F3E04997A59D",
  "runtimes\\linux-arm64\\native\\libe_sqlite3.so": "F079E55E7F3F9966A4A2052A3234E068",
  "runtimes\\linux-armel\\native\\libe_sqlite3.so": "C5A67D49434FC65D64E9C15778078C76",
  "runtimes\\linux-mips64\\native\\libe_sqlite3.so": "5F8461214089CFC677D46C19B7162161",
  "runtimes\\linux-musl-x64\\native\\libe_sqlite3.so": "39C244FEDBCD3DFC37041D4FCE1AE21D",
  "runtimes\\linux-x64\\native\\libe_sqlite3.so": "6F49C540D3AB9964D67A4A704C3D262D",
  "runtimes\\linux-x64\\native\\libglfw.so.3": "9E3137144F68B9E9793F4C7AD5B1BEA7",
  "runtimes\\linux-x64\\native\\libSDL2-2.0.so": "99B95A708381FC66AB2370E45A260527",
  "runtimes\\linux-x64\\native\\libstbi.so": "0945355ED59677D06E3E88F48101BB26",
  "runtimes\\linux-x86\\native\\libe_sqlite3.so": "5E0659B414CBD6DDC38C65582485853E",
  "runtimes\\osx-x64\\native\\libe_sqlite3.dylib": "F82AE134FCD1C080A69D775591406673",
  "runtimes\\osx-x64\\native\\libglfw.3.dylib": "1E30FAB2F0C40E82290AD4B0BF14A880",
  "runtimes\\osx-x64\\native\\libSDL2-2.0.dylib": "AAC958490586C67395F0A90903AE3747",
  "runtimes\\osx-x64\\native\\libstbi.dylib": "0B84B0A6A80178266018081C3CAB68E6",
  "runtimes\\win-arm\\native\\e_sqlite3.dll": "541000239A7260BA607FC63670516FEC",
  "runtimes\\win-arm64\\native\\e_sqlite3.dll": "B232E17B75E88A849CC28BBC18ABBDAC",
  "runtimes\\win-x64\\native\\cimgui.dll": "A8AC8FDB5C1EDC4538F5F13FC7869A96",
  "runtimes\\win-x64\\native\\cimguizmo.dll": "142E889422A3EF8886ECE2E4665D81ED",
  "runtimes\\win-x64\\native\\cimplot.dll": "73E8E1FFF2AF4809DB07338ACEC47912",
  "runtimes\\win-x64\\native\\e_sqlite3.dll": "0B97754F808854776799A0D073109DC3",
  "runtimes\\win-x64\\native\\glfw3.dll": "0BC3489462201850B96EBBEE35FEE1A4",
  "runtimes\\win-x64\\native\\minhook.x64d.dll": "CDCC268A9FABF3C8163CB384CEF7BA36",
  "runtimes\\win-x64\\native\\SDL2.dll": "192B3E6560936E5ED738A42801C086D0",
  "runtimes\\win-x64\\native\\stbi.dll": "D6F3DCE45C202BEBFACD549EFB170A06",
  "runtimes\\win-x64\\native\\stbi.lib": "927C214DE576219E1F80DBE7798A0502",
  "runtimes\\win-x86\\native\\e_sqlite3.dll": "5AFC444EFE076F75DF36B37C3988D763",
  "runtimes\\win-x86\\native\\glfw3.dll": "04C526391BA8E1E885ABA1FB96ED4A1D",
  "runtimes\\win-x86\\native\\SDL2.dll": "40FDB79D7278DB20A30689568DB4EAC6",
  "targets\\Dalamud.Plugin.Bootstrap.targets": "C85635161398CD9852CF7212DB7EB904",
  "targets\\Dalamud.Plugin.targets": "DDD731601C06B16E10CF2F8990452A27",
  "BitFaster.Caching.dll": "0F8D07AEB092B945289D265566286355",
  "CheapLoc.dll": "A004291C9CB64A4C2F03EBD322605AE4",
  "commit_hash.txt": "1E66CBFB3D44FA27760E5FA55D76BFC9",
  "Costura.dll": "26454A7D4C5F56B9898B80613EFA4481",
  "Dalamud.Boot.dll": "F4EB0ED872C882CA1EC869113B1D73C5",
  "Dalamud.Common.dll": "3B55FDE6AB08E2A0AA55D08DA1F6F725",
  "Dalamud.deps.json": "CEA57E22F068B83274315925D31C7BDA",
  "Dalamud.dll": "FD6D5419FEC35CA0BCDC43C1120EC8DA",
  "Dalamud.Injector.deps.json": "973E5D437761614CB8BADBA9E2C0F6EA",
  "Dalamud.Injector.dll": "D8BA2192823495A4A4956B2F3F4B89BC",
  "Dalamud.Injector.exe": "7015AFA77B53F6BE7DAD2FF83E4895C0",
  "Dalamud.Injector.runtimeconfig.json": "B9BB65FFE7924D4D8BABE9FA66303200",
  "Dalamud.Injector.xml": "D41E5DF541D19A015215E777D7395C9C",
  "Dalamud.runtimeconfig.json": "2A9CD915428BDD175E0889BD0C225F75",
  "Dalamud.xml": "30D9601188AE8B75628FCE0152232217",
  "DalamudCrashHandler.exe": "8910C676E71BF73E37689A88CFEB2E2E",
  "FASM-LICENSE.TXT": "ECEA1D10811221D5F0A3E96F9C38E2C7",
  "FASM.DLL": "42291E9934B6B8B199754598E200C8AA",
  "FASMX64.DLL": "699D58BBBF693E7AB7D4059B9CCF57DC",
  "FFXIVClientStructs.dll": "C41C117D29A7D4C95122991FF0139628",
  "FFXIVClientStructs.xml": "E320B9A7FCC2CECDD1A71B607F2A0D61",
  "goaaats.Reloaded.Assembler.targets": "CC22CB0A353E2136EE9E6E96DB9F7164",
  "Iced.dll": "81967F506D987B7955EA3A07F9C95BDE",
  "ImGui.NET.dll": "B77C652E1883E647EE35D5F593D8C16C",
  "ImGuiScene.dll": "7636A38690BC54A08F440CCF85298FB9",
  "InteropGenerator.Runtime.dll": "0BB60B1BE176FA65B8E9278F07E1641C",
  "JetBrains.Annotations.dll": "A64AE4D0BDA24DE7372096AF78527D89",
  "licenses.txt": "A159BE62AA91178EFC3E3983AE874D1D",
  "Lumina.dll": "CC69A42D9AB241F08B95F127E95A2E1B",
  "Lumina.Excel.dll": "63BF1FFD3924EB3F78A568CA21B3D251",
  "Microsoft.Bcl.HashCode.dll": "613AB56061ADF2284E047025207467E0",
  "Microsoft.DotNet.PlatformAbstractions.dll": "00AB0F02B1114C57C758F5AD595224F1",
  "Microsoft.Extensions.DependencyModel.dll": "F39BC76C10CFEA478C936FC4521A9FC9",
  "Microsoft.Extensions.ObjectPool.dll": "FEE3CE8A84417360CC5ED787ED6F7DB1",
  "MinSharp.dll": "BBEE01E832E75A1C41C99FF4C618B7C2",
  "Mono.Cecil.dll": "B49FBD303F0E895DBCD9508CEC6F9365",
  "Mono.Cecil.Mdb.dll": "1DF14823E2F4BA94C996F0A2E6317E0D",
  "Mono.Cecil.Pdb.dll": "4BC9E2B2FE2164F0D59824753D3DA654",
  "Mono.Cecil.Rocks.dll": "509E001DEABFF24A216D26DCDE90C22A",
  "nethost.dll": "21F39F71E2F4B5BA9FB3F126872F2F9B",
  "Newtonsoft.Json.dll": "ADF3E3EECDE20B7C9661E9C47106A14A",
  "PeNet.Asn1.dll": "B7394BF58B50A794E5D722B51CF3D2B5",
  "PeNet.dll": "B3E7FC9FA179284457D9A6812B914663",
  "PInvoke.AdvApi32.dll": "34EE461D05B403C3A15D0DEC32A3788C",
  "PInvoke.BCrypt.dll": "FD07758EE1440491F22923084109FF26",
  "PInvoke.Cabinet.dll": "333D950E3804735DA60CC41D614C63E2",
  "PInvoke.CfgMgr32.dll": "768BE7CC18EDCF78B296A72ABE891691",
  "PInvoke.Crypt32.dll": "E7B00B0851738F4A7F2C6D37DAA973B4",
  "PInvoke.DbgHelp.dll": "E701136169620D20E3A70B560DE20E44",
  "PInvoke.DwmApi.dll": "ACF223CC8962404056648815B486F7D9",
  "PInvoke.Gdi32.dll": "69FF434826F98582CE44D3136ECFFACB",
  "PInvoke.Hid.dll": "2E7A41257F8AD9B26073181F450CD8E5",
  "PInvoke.ImageHlp.dll": "79BE816E8D86EA66489D7780DD675D49",
  "PInvoke.IPHlpApi.dll": "E949FA3326D1BA8872B179AB4EE49D38",
  "PInvoke.Kernel32.dll": "234E15B122ED430DE99490CA1A204958",
  "PInvoke.Magnification.dll": "C9EA3D34F506741ECC044DB19C151F09",
  "PInvoke.Msi.dll": "69EE50CE2DA6B55755E52589F49A7EBC",
  "PInvoke.NCrypt.dll": "DA1DE76C14D99370CA3BEF19DC299B15",
  "PInvoke.NetApi32.dll": "AE79F9FA2E3864A5E0642AE4622ECDC5",
  "PInvoke.NewDev.dll": "B3E1992105D986EF9C5C8E4B630FBB07",
  "PInvoke.NTDll.dll": "3F6BDF840EB27DD0FD9EB8071822183A",
  "PInvoke.Ole32.dll": "3C49FB100B60519FFE725BCD12A538F6",
  "PInvoke.Psapi.dll": "A7683EE4B880227F01C8AE632A892B9E",
  "PInvoke.SetupApi.dll": "1B7AE321185D0081D1759A9AD829F9BA",
  "PInvoke.SHCore.dll": "F27E7F063D51480F6D2294C903E4A606",
  "PInvoke.Shell32.dll": "F71A1BCAF6478190691170DAEA77722F",
  "PInvoke.User32.dll": "8BEDE38311ED4F27127290B81B8079FD",
  "PInvoke.Userenv.dll": "FEB7BCA90B8C905EC2F4BB0789847131",
  "PInvoke.UxTheme.dll": "8E683C016250CB719FDB9AAAFC22B3C5",
  "PInvoke.Windows.Core.dll": "90015440A44935208FFEA9BF61740651",
  "PInvoke.Windows.ShellScalingApi.dll": "F351B34B8C9183A51CADFDC279357C49",
  "PInvoke.WinUsb.dll": "9EB8A0280F2848D1A32B560A939F7336",
  "PInvoke.WtsApi32.dll": "341C94455D2E5893DBE4293D4D67AA4D",
  "Reloaded.Assembler.dll": "3DABBA374A0127BB33B0A3AABB769F8E",
  "Reloaded.Hooks.Definitions.dll": "57F95FAC4A6C61694E95C5FA64BFD3BB",
  "Reloaded.Hooks.dll": "FC4B801DF56C3E9B4DF58941D18FED8F",
  "Reloaded.Memory.Buffers.dll": "FD54184EEAE807940D5F2F0038E95454",
  "Reloaded.Memory.dll": "A112E09EAF0A1D82DFBD097B79AFDDC8",
  "revision.txt": "F1E5284674FD1E360873C29337EBE2D7",
  "SDL2-CS.config": "65557595FD5DF55D93B2BF881DE62C3A",
  "SDL2-CS.dll": "00492485E933231F6A3D1B51923814BD",
  "Serilog.dll": "5E2EC8500DEB311DC86A0C3470C1BAC3",
  "Serilog.Sinks.Async.dll": "C68895F0A11D5FB003E1615B23C042F6",
  "Serilog.Sinks.Console.dll": "90E738926A1A9586A3191E39BD1A8B55",
  "Serilog.Sinks.File.dll": "CBCAE9898DB552ED150C82CF040812CE",
  "SharpDX.Direct3D11.dll": "70258B285C7F7B15A23F9A527C730097",
  "SharpDX.dll": "B39B26F16540F76D97BECDAA0BEEDC3F",
  "SharpDX.DXGI.dll": "E596DCE33DDCD4A0C200DEDCFDC4F295",
  "SharpDX.Mathematics.dll": "82850A807A53B27D97893C2F624E933C",
  "Silk.NET.Core.dll": "EC2DEA9302FCF44BE1876757A0CBDC44",
  "Silk.NET.GLFW.dll": "ED0BC29151CB4EC66EBA430EE0DCFDBC",
  "Silk.NET.Maths.dll": "ED0D7A48481C532FDC5EFB56738AAB6A",
  "Silk.NET.OpenGL.dll": "77A35452E6CED025B32BED2C797C1952",
  "Silk.NET.SDL.dll": "2AB1C4E42732B4DEA27A1EE0C1FB02A9",
  "Silk.NET.Windowing.Common.dll": "01A6CBB7A0D093876045559F91788396",
  "Silk.NET.Windowing.Glfw.dll": "AE02EB25302696D1AD4961484B46CF1D",
  "Silk.NET.Windowing.Sdl.dll": "54C14E4EC68DFF731015737DBAC67DD2",
  "SQLite-net.dll": "3851F66896338B54D9150B10ECBAEE81",
  "SQLitePCLRaw.batteries_v2.dll": "DAECA6F9EAA590F6770F5BA71131C35A",
  "SQLitePCLRaw.core.dll": "1BAA7EF651008A504F498682EDE8D7AB",
  "SQLitePCLRaw.nativelibrary.dll": "970F8BFD360A407399E68270E27CE638",
  "SQLitePCLRaw.provider.dynamic_cdecl.dll": "7D9E55E314FAFE1FC1736A1874810A42",
  "StbiSharp.dll": "906F4DB537540DDA5E312FDB3FFD7FED",
  "System.Reactive.dll": "EF5A00287AD15393D41B12AA4B726FF7",
  "System.Reflection.MetadataLoadContext.dll": "E88E3AF6D37736F339022C9ACC5F2F7B",
  "System.Security.Cryptography.Pkcs.dll": "8950E01996A37E808BE3F39063C37BF9",
  "TEMP_gitver.txt": "9E1A9A3663F25A297ED16A834B473EB0",
  "TerraFX.Interop.Windows.dll": "84F7EF6B0DE91F8CC23F773D3FD6DEC0",
  "Validation.dll": "82E3890999B343C1D70A2EBFE7ECAB81"
}
